ID_CARRETA,motivo
105994160,sem_ordem_de_servico_no_periodo_2020_2025
105996669,sem_ordem_de_servico_no_periodo_2020_2025
105996671,sem_ordem_de_servico_no_periodo_2020_2025
105996673,sem_ordem_de_servico_no_periodo_2020_2025
105996675,sem_ordem_de_servico_no_periodo_2020_2025
105996677,sem_ordem_de_servico_no_periodo_2020_2025
105996679,sem_ordem_de_servico_no_periodo_2020_2025
105996681,sem_ordem_de_servico_no_periodo_2020_2025
105996683,sem_ordem_de_servico_no_periodo_2020_2025
105996685,sem_ordem_de_servico_no_periodo_2020_2025
105996687,sem_ordem_de_servico_no_periodo_2020_2025
105996689,sem_ordem_de_servico_no_periodo_2020_2025
105996691,sem_ordem_de_servico_no_periodo_2020_2025
105996693,sem_ordem_de_servico_no_periodo_2020_2025
105996695,sem_ordem_de_servico_no_periodo_2020_2025
105996697,sem_ordem_de_servico_no_periodo_2020_2025
105996699,sem_ordem_de_servico_no_periodo_2020_2025
105996701,sem_ordem_de_servico_no_periodo_2020_2025
105996703,sem_ordem_de_servico_no_periodo_2020_2025
105996705,sem_ordem_de_servico_no_periodo_2020_2025
105996707,sem_ordem_de_servico_no_periodo_2020_2025
105996709,sem_ordem_de_servico_no_periodo_2020_2025
105996711,sem_ordem_de_servico_no_periodo_2020_2025
105996713,sem_ordem_de_servico_no_periodo_2020_2025
105996715,sem_ordem_de_servico_no_periodo_2020_2025
106084323,sem_ordem_de_servico_no_periodo_2020_2025
106084908,sem_ordem_de_servico_no_periodo_2020_2025
106084910,sem_ordem_de_servico_no_periodo_2020_2025
106084912,sem_ordem_de_servico_no_periodo_2020_2025
106084914,sem_ordem_de_servico_no_periodo_2020_2025
106084916,sem_ordem_de_servico_no_periodo_2020_2025
106084918,sem_ordem_de_servico_no_periodo_2020_2025
106084920,sem_ordem_de_servico_no_periodo_2020_2025
106084922,sem_ordem_de_servico_no_periodo_2020_2025
106084924,sem_ordem_de_servico_no_periodo_2020_2025
106084926,sem_ordem_de_servico_no_periodo_2020_2025
106084928,sem_ordem_de_servico_no_periodo_2020_2025
106084930,sem_ordem_de_servico_no_periodo_2020_2025
106084932,sem_ordem_de_servico_no_periodo_2020_2025
106084934,sem_ordem_de_servico_no_periodo_2020_2025
106085492,sem_ordem_de_servico_no_periodo_2020_2025
106085494,sem_ordem_de_servico_no_periodo_2020_2025
106085496,sem_ordem_de_servico_no_periodo_2020_2025
106085498,sem_ordem_de_servico_no_periodo_2020_2025
106085500,sem_ordem_de_servico_no_periodo_2020_2025
106085502,sem_ordem_de_servico_no_periodo_2020_2025
106085504,sem_ordem_de_servico_no_periodo_2020_2025
106085506,sem_ordem_de_servico_no_periodo_2020_2025
106085508,sem_ordem_de_servico_no_periodo_2020_2025
106085510,sem_ordem_de_servico_no_periodo_2020_2025
106085512,sem_ordem_de_servico_no_periodo_2020_2025
106085514,sem_ordem_de_servico_no_periodo_2020_2025
106085516,sem_ordem_de_servico_no_periodo_2020_2025
106085518,sem_ordem_de_servico_no_periodo_2020_2025
106085520,sem_ordem_de_servico_no_periodo_2020_2025
106085522,sem_ordem_de_servico_no_periodo_2020_2025
106085524,sem_ordem_de_servico_no_periodo_2020_2025
106085526,sem_ordem_de_servico_no_periodo_2020_2025
106085528,sem_ordem_de_servico_no_periodo_2020_2025
106085530,sem_ordem_de_servico_no_periodo_2020_2025
106085532,sem_ordem_de_servico_no_periodo_2020_2025
106085534,sem_ordem_de_servico_no_periodo_2020_2025
106085536,sem_ordem_de_servico_no_periodo_2020_2025
106085538,sem_ordem_de_servico_no_periodo_2020_2025
106085540,sem_ordem_de_servico_no_periodo_2020_2025
106085542,sem_ordem_de_servico_no_periodo_2020_2025
106085544,sem_ordem_de_servico_no_periodo_2020_2025
106085546,sem_ordem_de_servico_no_periodo_2020_2025
106085548,sem_ordem_de_servico_no_periodo_2020_2025
106085550,sem_ordem_de_servico_no_periodo_2020_2025
106085554,sem_ordem_de_servico_no_periodo_2020_2025
106085556,sem_ordem_de_servico_no_periodo_2020_2025
106085558,sem_ordem_de_servico_no_periodo_2020_2025
106085560,sem_ordem_de_servico_no_periodo_2020_2025
106085562,sem_ordem_de_servico_no_periodo_2020_2025
106085564,sem_ordem_de_servico_no_periodo_2020_2025
106085566,sem_ordem_de_servico_no_periodo_2020_2025
106085568,sem_ordem_de_servico_no_periodo_2020_2025
106085570,sem_ordem_de_servico_no_periodo_2020_2025
106085572,sem_ordem_de_servico_no_periodo_2020_2025
106085574,sem_ordem_de_servico_no_periodo_2020_2025
107511133,sem_ordem_de_servico_no_periodo_2020_2025
107511135,sem_ordem_de_servico_no_periodo_2020_2025
107511137,sem_ordem_de_servico_no_periodo_2020_2025
107511139,sem_ordem_de_servico_no_periodo_2020_2025
107511141,sem_ordem_de_servico_no_periodo_2020_2025
107511143,sem_ordem_de_servico_no_periodo_2020_2025
107511145,sem_ordem_de_servico_no_periodo_2020_2025
107511147,sem_ordem_de_servico_no_periodo_2020_2025
107511149,sem_ordem_de_servico_no_periodo_2020_2025
107511151,sem_ordem_de_servico_no_periodo_2020_2025
107511153,sem_ordem_de_servico_no_periodo_2020_2025
107511155,sem_ordem_de_servico_no_periodo_2020_2025
107511157,sem_ordem_de_servico_no_periodo_2020_2025
107511159,sem_ordem_de_servico_no_periodo_2020_2025
107511161,sem_ordem_de_servico_no_periodo_2020_2025
107511163,sem_ordem_de_servico_no_periodo_2020_2025
107511165,sem_ordem_de_servico_no_periodo_2020_2025
107511167,sem_ordem_de_servico_no_periodo_2020_2025
107511169,sem_ordem_de_servico_no_periodo_2020_2025
107511171,sem_ordem_de_servico_no_periodo_2020_2025
107511173,sem_ordem_de_servico_no_periodo_2020_2025
107511175,sem_ordem_de_servico_no_periodo_2020_2025
107511177,sem_ordem_de_servico_no_periodo_2020_2025
107511179,sem_ordem_de_servico_no_periodo_2020_2025
108235953,sem_ordem_de_servico_no_periodo_2020_2025
108235955,sem_ordem_de_servico_no_periodo_2020_2025
108235957,sem_ordem_de_servico_no_periodo_2020_2025
108235961,sem_ordem_de_servico_no_periodo_2020_2025
108235963,sem_ordem_de_servico_no_periodo_2020_2025
108235965,sem_ordem_de_servico_no_periodo_2020_2025
108235967,sem_ordem_de_servico_no_periodo_2020_2025
108235969,sem_ordem_de_servico_no_periodo_2020_2025
108235971,sem_ordem_de_servico_no_periodo_2020_2025
108235973,sem_ordem_de_servico_no_periodo_2020_2025
108235975,sem_ordem_de_servico_no_periodo_2020_2025
108235977,sem_ordem_de_servico_no_periodo_2020_2025
108235979,sem_ordem_de_servico_no_periodo_2020_2025
108235981,sem_ordem_de_servico_no_periodo_2020_2025
108235983,sem_ordem_de_servico_no_periodo_2020_2025
108235985,sem_ordem_de_servico_no_periodo_2020_2025
108235987,sem_ordem_de_servico_no_periodo_2020_2025
108235989,sem_ordem_de_servico_no_periodo_2020_2025
108235991,sem_ordem_de_servico_no_periodo_2020_2025
108590529,sem_ordem_de_servico_no_periodo_2020_2025
108590531,sem_ordem_de_servico_no_periodo_2020_2025
108590533,sem_ordem_de_servico_no_periodo_2020_2025
108590535,sem_ordem_de_servico_no_periodo_2020_2025
108590537,sem_ordem_de_servico_no_periodo_2020_2025
108590539,sem_ordem_de_servico_no_periodo_2020_2025
108590541,sem_ordem_de_servico_no_periodo_2020_2025
108590543,sem_ordem_de_servico_no_periodo_2020_2025
108590545,sem_ordem_de_servico_no_periodo_2020_2025
108592591,sem_ordem_de_servico_no_periodo_2020_2025
108592593,sem_ordem_de_servico_no_periodo_2020_2025
108592595,sem_ordem_de_servico_no_periodo_2020_2025
108592597,sem_ordem_de_servico_no_periodo_2020_2025
108592599,sem_ordem_de_servico_no_periodo_2020_2025
108592601,sem_ordem_de_servico_no_periodo_2020_2025
108592603,sem_ordem_de_servico_no_periodo_2020_2025
108592605,sem_ordem_de_servico_no_periodo_2020_2025
108592607,sem_ordem_de_servico_no_periodo_2020_2025
108592609,sem_ordem_de_servico_no_periodo_2020_2025
108592611,sem_ordem_de_servico_no_periodo_2020_2025
108592613,sem_ordem_de_servico_no_periodo_2020_2025
108592615,sem_ordem_de_servico_no_periodo_2020_2025
108592617,sem_ordem_de_servico_no_periodo_2020_2025
108592619,sem_ordem_de_servico_no_periodo_2020_2025
108592621,sem_ordem_de_servico_no_periodo_2020_2025
108886389,sem_ordem_de_servico_no_periodo_2020_2025
108886391,sem_ordem_de_servico_no_periodo_2020_2025
108886393,sem_ordem_de_servico_no_periodo_2020_2025
108886395,sem_ordem_de_servico_no_periodo_2020_2025
108886397,sem_ordem_de_servico_no_periodo_2020_2025
108886399,sem_ordem_de_servico_no_periodo_2020_2025
108886401,sem_ordem_de_servico_no_periodo_2020_2025
108886403,sem_ordem_de_servico_no_periodo_2020_2025
108886407,sem_ordem_de_servico_no_periodo_2020_2025
108886409,sem_ordem_de_servico_no_periodo_2020_2025
108886411,sem_ordem_de_servico_no_periodo_2020_2025
108886413,sem_ordem_de_servico_no_periodo_2020_2025
108886415,sem_ordem_de_servico_no_periodo_2020_2025
108886417,sem_ordem_de_servico_no_periodo_2020_2025
108886419,sem_ordem_de_servico_no_periodo_2020_2025
108886421,sem_ordem_de_servico_no_periodo_2020_2025
108886423,sem_ordem_de_servico_no_periodo_2020_2025
108886425,sem_ordem_de_servico_no_periodo_2020_2025
108886427,sem_ordem_de_servico_no_periodo_2020_2025
120242890,sem_ordem_de_servico_no_periodo_2020_2025
120242916,sem_ordem_de_servico_no_periodo_2020_2025
120242918,sem_ordem_de_servico_no_periodo_2020_2025
120242920,sem_ordem_de_servico_no_periodo_2020_2025
120242922,sem_ordem_de_servico_no_periodo_2020_2025
120242924,sem_ordem_de_servico_no_periodo_2020_2025
120242926,sem_ordem_de_servico_no_periodo_2020_2025
120242928,sem_ordem_de_servico_no_periodo_2020_2025
1454,sem_ordem_de_servico_no_periodo_2020_2025
1488,sem_ordem_de_servico_no_periodo_2020_2025
1527,sem_ordem_de_servico_no_periodo_2020_2025
1840,sem_ordem_de_servico_no_periodo_2020_2025
2258,sem_ordem_de_servico_no_periodo_2020_2025
2313,sem_ordem_de_servico_no_periodo_2020_2025
2319,sem_ordem_de_servico_no_periodo_2020_2025
2616,sem_ordem_de_servico_no_periodo_2020_2025
2757,sem_ordem_de_servico_no_periodo_2020_2025
2772,sem_ordem_de_servico_no_periodo_2020_2025
2778,sem_ordem_de_servico_no_periodo_2020_2025
296154373,sem_ordem_de_servico_no_periodo_2020_2025
296154554,sem_ordem_de_servico_no_periodo_2020_2025
296154809,sem_ordem_de_servico_no_periodo_2020_2025
3030,sem_ordem_de_servico_no_periodo_2020_2025
3054,sem_ordem_de_servico_no_periodo_2020_2025
3105,sem_ordem_de_servico_no_periodo_2020_2025
3394,sem_ordem_de_servico_no_periodo_2020_2025
342836103,sem_ordem_de_servico_no_periodo_2020_2025
342836137,sem_ordem_de_servico_no_periodo_2020_2025
3463,sem_ordem_de_servico_no_periodo_2020_2025
348,sem_ordem_de_servico_no_periodo_2020_2025
3491,sem_ordem_de_servico_no_periodo_2020_2025
36032233,sem_ordem_de_servico_no_periodo_2020_2025
36261169,sem_ordem_de_servico_no_periodo_2020_2025
36261171,sem_ordem_de_servico_no_periodo_2020_2025
364,sem_ordem_de_servico_no_periodo_2020_2025
375670,sem_ordem_de_servico_no_periodo_2020_2025
380271,sem_ordem_de_servico_no_periodo_2020_2025
380275,sem_ordem_de_servico_no_periodo_2020_2025
380277,sem_ordem_de_servico_no_periodo_2020_2025
380279,sem_ordem_de_servico_no_periodo_2020_2025
381740548,sem_ordem_de_servico_no_periodo_2020_2025
39128343,sem_ordem_de_servico_no_periodo_2020_2025
39128344,sem_ordem_de_servico_no_periodo_2020_2025
39128345,sem_ordem_de_servico_no_periodo_2020_2025
3947,sem_ordem_de_servico_no_periodo_2020_2025
3960,sem_ordem_de_servico_no_periodo_2020_2025
4019,sem_ordem_de_servico_no_periodo_2020_2025
4164,sem_ordem_de_servico_no_periodo_2020_2025
424134223,sem_ordem_de_servico_no_periodo_2020_2025
424137336,sem_ordem_de_servico_no_periodo_2020_2025
424137353,sem_ordem_de_servico_no_periodo_2020_2025
44157074,sem_ordem_de_servico_no_periodo_2020_2025
4499,sem_ordem_de_servico_no_periodo_2020_2025
45205639,sem_ordem_de_servico_no_periodo_2020_2025
45205648,sem_ordem_de_servico_no_periodo_2020_2025
45205651,sem_ordem_de_servico_no_periodo_2020_2025
45205653,sem_ordem_de_servico_no_periodo_2020_2025
466123740,sem_ordem_de_servico_no_periodo_2020_2025
466123742,sem_ordem_de_servico_no_periodo_2020_2025
466123744,sem_ordem_de_servico_no_periodo_2020_2025
466123746,sem_ordem_de_servico_no_periodo_2020_2025
466123750,sem_ordem_de_servico_no_periodo_2020_2025
466123752,sem_ordem_de_servico_no_periodo_2020_2025
466123754,sem_ordem_de_servico_no_periodo_2020_2025
466123758,sem_ordem_de_servico_no_periodo_2020_2025
466123764,sem_ordem_de_servico_no_periodo_2020_2025
466123766,sem_ordem_de_servico_no_periodo_2020_2025
466123770,sem_ordem_de_servico_no_periodo_2020_2025
466123772,sem_ordem_de_servico_no_periodo_2020_2025
466123774,sem_ordem_de_servico_no_periodo_2020_2025
466123780,sem_ordem_de_servico_no_periodo_2020_2025
466123788,sem_ordem_de_servico_no_periodo_2020_2025
466123790,sem_ordem_de_servico_no_periodo_2020_2025
466123792,sem_ordem_de_servico_no_periodo_2020_2025
466123794,sem_ordem_de_servico_no_periodo_2020_2025
466123798,sem_ordem_de_servico_no_periodo_2020_2025
466123802,sem_ordem_de_servico_no_periodo_2020_2025
466123806,sem_ordem_de_servico_no_periodo_2020_2025
466123808,sem_ordem_de_servico_no_periodo_2020_2025
466123810,sem_ordem_de_servico_no_periodo_2020_2025
466123812,sem_ordem_de_servico_no_periodo_2020_2025
466123816,sem_ordem_de_servico_no_periodo_2020_2025
466123822,sem_ordem_de_servico_no_periodo_2020_2025
466123824,sem_ordem_de_servico_no_periodo_2020_2025
466123826,sem_ordem_de_servico_no_periodo_2020_2025
466123828,sem_ordem_de_servico_no_periodo_2020_2025
466123830,sem_ordem_de_servico_no_periodo_2020_2025
466123832,sem_ordem_de_servico_no_periodo_2020_2025
466123834,sem_ordem_de_servico_no_periodo_2020_2025
466125476,sem_ordem_de_servico_no_periodo_2020_2025
466125512,sem_ordem_de_servico_no_periodo_2020_2025
466125513,sem_ordem_de_servico_no_periodo_2020_2025
466125514,sem_ordem_de_servico_no_periodo_2020_2025
466125516,sem_ordem_de_servico_no_periodo_2020_2025
466125517,sem_ordem_de_servico_no_periodo_2020_2025
466125518,sem_ordem_de_servico_no_periodo_2020_2025
466125519,sem_ordem_de_servico_no_periodo_2020_2025
466125520,sem_ordem_de_servico_no_periodo_2020_2025
466125521,sem_ordem_de_servico_no_periodo_2020_2025
466125522,sem_ordem_de_servico_no_periodo_2020_2025
466125523,sem_ordem_de_servico_no_periodo_2020_2025
466125524,sem_ordem_de_servico_no_periodo_2020_2025
466125525,sem_ordem_de_servico_no_periodo_2020_2025
466125526,sem_ordem_de_servico_no_periodo_2020_2025
466125527,sem_ordem_de_servico_no_periodo_2020_2025
466125528,sem_ordem_de_servico_no_periodo_2020_2025
466125529,sem_ordem_de_servico_no_periodo_2020_2025
466125530,sem_ordem_de_servico_no_periodo_2020_2025
466125531,sem_ordem_de_servico_no_periodo_2020_2025
466125532,sem_ordem_de_servico_no_periodo_2020_2025
466125533,sem_ordem_de_servico_no_periodo_2020_2025
466125534,sem_ordem_de_servico_no_periodo_2020_2025
466125535,sem_ordem_de_servico_no_periodo_2020_2025
466125536,sem_ordem_de_servico_no_periodo_2020_2025
466125537,sem_ordem_de_servico_no_periodo_2020_2025
466125538,sem_ordem_de_servico_no_periodo_2020_2025
466125539,sem_ordem_de_servico_no_periodo_2020_2025
466125540,sem_ordem_de_servico_no_periodo_2020_2025
466125541,sem_ordem_de_servico_no_periodo_2020_2025
466125542,sem_ordem_de_servico_no_periodo_2020_2025
466125543,sem_ordem_de_servico_no_periodo_2020_2025
466125544,sem_ordem_de_servico_no_periodo_2020_2025
466125545,sem_ordem_de_servico_no_periodo_2020_2025
466125547,sem_ordem_de_servico_no_periodo_2020_2025
466125548,sem_ordem_de_servico_no_periodo_2020_2025
466125549,sem_ordem_de_servico_no_periodo_2020_2025
466125551,sem_ordem_de_servico_no_periodo_2020_2025
466125552,sem_ordem_de_servico_no_periodo_2020_2025
466125553,sem_ordem_de_servico_no_periodo_2020_2025
466125554,sem_ordem_de_servico_no_periodo_2020_2025
466125555,sem_ordem_de_servico_no_periodo_2020_2025
466125556,sem_ordem_de_servico_no_periodo_2020_2025
466125557,sem_ordem_de_servico_no_periodo_2020_2025
466125558,sem_ordem_de_servico_no_periodo_2020_2025
466125559,sem_ordem_de_servico_no_periodo_2020_2025
466125560,sem_ordem_de_servico_no_periodo_2020_2025
466125561,sem_ordem_de_servico_no_periodo_2020_2025
466125562,sem_ordem_de_servico_no_periodo_2020_2025
466125563,sem_ordem_de_servico_no_periodo_2020_2025
466125564,sem_ordem_de_servico_no_periodo_2020_2025
466125565,sem_ordem_de_servico_no_periodo_2020_2025
466125566,sem_ordem_de_servico_no_periodo_2020_2025
466125568,sem_ordem_de_servico_no_periodo_2020_2025
466125569,sem_ordem_de_servico_no_periodo_2020_2025
466125570,sem_ordem_de_servico_no_periodo_2020_2025
466125571,sem_ordem_de_servico_no_periodo_2020_2025
466125572,sem_ordem_de_servico_no_periodo_2020_2025
466125573,sem_ordem_de_servico_no_periodo_2020_2025
466125574,sem_ordem_de_servico_no_periodo_2020_2025
466125575,sem_ordem_de_servico_no_periodo_2020_2025
466125577,sem_ordem_de_servico_no_periodo_2020_2025
466125578,sem_ordem_de_servico_no_periodo_2020_2025
466125579,sem_ordem_de_servico_no_periodo_2020_2025
466125581,sem_ordem_de_servico_no_periodo_2020_2025
466125582,sem_ordem_de_servico_no_periodo_2020_2025
466125584,sem_ordem_de_servico_no_periodo_2020_2025
466125585,sem_ordem_de_servico_no_periodo_2020_2025
466125586,sem_ordem_de_servico_no_periodo_2020_2025
466125587,sem_ordem_de_servico_no_periodo_2020_2025
466125588,sem_ordem_de_servico_no_periodo_2020_2025
466125590,sem_ordem_de_servico_no_periodo_2020_2025
466125591,sem_ordem_de_servico_no_periodo_2020_2025
466125592,sem_ordem_de_servico_no_periodo_2020_2025
466125593,sem_ordem_de_servico_no_periodo_2020_2025
466125594,sem_ordem_de_servico_no_periodo_2020_2025
466125595,sem_ordem_de_servico_no_periodo_2020_2025
466125596,sem_ordem_de_servico_no_periodo_2020_2025
466125597,sem_ordem_de_servico_no_periodo_2020_2025
466125598,sem_ordem_de_servico_no_periodo_2020_2025
466125599,sem_ordem_de_servico_no_periodo_2020_2025
466125600,sem_ordem_de_servico_no_periodo_2020_2025
466125601,sem_ordem_de_servico_no_periodo_2020_2025
466125602,sem_ordem_de_servico_no_periodo_2020_2025
466125603,sem_ordem_de_servico_no_periodo_2020_2025
466125604,sem_ordem_de_servico_no_periodo_2020_2025
466125605,sem_ordem_de_servico_no_periodo_2020_2025
466125606,sem_ordem_de_servico_no_periodo_2020_2025
466125607,sem_ordem_de_servico_no_periodo_2020_2025
466125608,sem_ordem_de_servico_no_periodo_2020_2025
466125609,sem_ordem_de_servico_no_periodo_2020_2025
466125610,sem_ordem_de_servico_no_periodo_2020_2025
466125611,sem_ordem_de_servico_no_periodo_2020_2025
466125612,sem_ordem_de_servico_no_periodo_2020_2025
466125613,sem_ordem_de_servico_no_periodo_2020_2025
466125614,sem_ordem_de_servico_no_periodo_2020_2025
466125615,sem_ordem_de_servico_no_periodo_2020_2025
466125616,sem_ordem_de_servico_no_periodo_2020_2025
466125617,sem_ordem_de_servico_no_periodo_2020_2025
466125618,sem_ordem_de_servico_no_periodo_2020_2025
466125619,sem_ordem_de_servico_no_periodo_2020_2025
466125620,sem_ordem_de_servico_no_periodo_2020_2025
466125621,sem_ordem_de_servico_no_periodo_2020_2025
466125622,sem_ordem_de_servico_no_periodo_2020_2025
466125623,sem_ordem_de_servico_no_periodo_2020_2025
466125624,sem_ordem_de_servico_no_periodo_2020_2025
466125625,sem_ordem_de_servico_no_periodo_2020_2025
466125626,sem_ordem_de_servico_no_periodo_2020_2025
466125627,sem_ordem_de_servico_no_periodo_2020_2025
466125628,sem_ordem_de_servico_no_periodo_2020_2025
466125629,sem_ordem_de_servico_no_periodo_2020_2025
466125630,sem_ordem_de_servico_no_periodo_2020_2025
466125631,sem_ordem_de_servico_no_periodo_2020_2025
466125632,sem_ordem_de_servico_no_periodo_2020_2025
466125633,sem_ordem_de_servico_no_periodo_2020_2025
466125634,sem_ordem_de_servico_no_periodo_2020_2025
466125635,sem_ordem_de_servico_no_periodo_2020_2025
466125636,sem_ordem_de_servico_no_periodo_2020_2025
466125637,sem_ordem_de_servico_no_periodo_2020_2025
466125638,sem_ordem_de_servico_no_periodo_2020_2025
466125640,sem_ordem_de_servico_no_periodo_2020_2025
466125641,sem_ordem_de_servico_no_periodo_2020_2025
466125642,sem_ordem_de_servico_no_periodo_2020_2025
466125643,sem_ordem_de_servico_no_periodo_2020_2025
466125645,sem_ordem_de_servico_no_periodo_2020_2025
466125646,sem_ordem_de_servico_no_periodo_2020_2025
466125649,sem_ordem_de_servico_no_periodo_2020_2025
466125650,sem_ordem_de_servico_no_periodo_2020_2025
466125651,sem_ordem_de_servico_no_periodo_2020_2025
466125652,sem_ordem_de_servico_no_periodo_2020_2025
466125653,sem_ordem_de_servico_no_periodo_2020_2025
466125654,sem_ordem_de_servico_no_periodo_2020_2025
466125655,sem_ordem_de_servico_no_periodo_2020_2025
466125656,sem_ordem_de_servico_no_periodo_2020_2025
466125657,sem_ordem_de_servico_no_periodo_2020_2025
466125658,sem_ordem_de_servico_no_periodo_2020_2025
466125659,sem_ordem_de_servico_no_periodo_2020_2025
466125660,sem_ordem_de_servico_no_periodo_2020_2025
466125662,sem_ordem_de_servico_no_periodo_2020_2025
466125663,sem_ordem_de_servico_no_periodo_2020_2025
466125664,sem_ordem_de_servico_no_periodo_2020_2025
466125665,sem_ordem_de_servico_no_periodo_2020_2025
466125666,sem_ordem_de_servico_no_periodo_2020_2025
466125667,sem_ordem_de_servico_no_periodo_2020_2025
466125668,sem_ordem_de_servico_no_periodo_2020_2025
466125669,sem_ordem_de_servico_no_periodo_2020_2025
466125670,sem_ordem_de_servico_no_periodo_2020_2025
466125671,sem_ordem_de_servico_no_periodo_2020_2025
466125672,sem_ordem_de_servico_no_periodo_2020_2025
466125673,sem_ordem_de_servico_no_periodo_2020_2025
466125674,sem_ordem_de_servico_no_periodo_2020_2025
466125675,sem_ordem_de_servico_no_periodo_2020_2025
466125676,sem_ordem_de_servico_no_periodo_2020_2025
466125677,sem_ordem_de_servico_no_periodo_2020_2025
466125678,sem_ordem_de_servico_no_periodo_2020_2025
466125679,sem_ordem_de_servico_no_periodo_2020_2025
466125680,sem_ordem_de_servico_no_periodo_2020_2025
466125681,sem_ordem_de_servico_no_periodo_2020_2025
466125682,sem_ordem_de_servico_no_periodo_2020_2025
466125683,sem_ordem_de_servico_no_periodo_2020_2025
466125684,sem_ordem_de_servico_no_periodo_2020_2025
466125685,sem_ordem_de_servico_no_periodo_2020_2025
466125686,sem_ordem_de_servico_no_periodo_2020_2025
466125688,sem_ordem_de_servico_no_periodo_2020_2025
466125689,sem_ordem_de_servico_no_periodo_2020_2025
466125690,sem_ordem_de_servico_no_periodo_2020_2025
466125691,sem_ordem_de_servico_no_periodo_2020_2025
466125692,sem_ordem_de_servico_no_periodo_2020_2025
466125693,sem_ordem_de_servico_no_periodo_2020_2025
466125694,sem_ordem_de_servico_no_periodo_2020_2025
466125695,sem_ordem_de_servico_no_periodo_2020_2025
466125696,sem_ordem_de_servico_no_periodo_2020_2025
466125697,sem_ordem_de_servico_no_periodo_2020_2025
466125698,sem_ordem_de_servico_no_periodo_2020_2025
466125699,sem_ordem_de_servico_no_periodo_2020_2025
466125701,sem_ordem_de_servico_no_periodo_2020_2025
466125702,sem_ordem_de_servico_no_periodo_2020_2025
466125705,sem_ordem_de_servico_no_periodo_2020_2025
466125706,sem_ordem_de_servico_no_periodo_2020_2025
466125707,sem_ordem_de_servico_no_periodo_2020_2025
466125708,sem_ordem_de_servico_no_periodo_2020_2025
466125709,sem_ordem_de_servico_no_periodo_2020_2025
466125710,sem_ordem_de_servico_no_periodo_2020_2025
466125711,sem_ordem_de_servico_no_periodo_2020_2025
466125712,sem_ordem_de_servico_no_periodo_2020_2025
466125713,sem_ordem_de_servico_no_periodo_2020_2025
466125715,sem_ordem_de_servico_no_periodo_2020_2025
466125716,sem_ordem_de_servico_no_periodo_2020_2025
466125717,sem_ordem_de_servico_no_periodo_2020_2025
466125718,sem_ordem_de_servico_no_periodo_2020_2025
466125719,sem_ordem_de_servico_no_periodo_2020_2025
466125720,sem_ordem_de_servico_no_periodo_2020_2025
466125721,sem_ordem_de_servico_no_periodo_2020_2025
466125722,sem_ordem_de_servico_no_periodo_2020_2025
466125723,sem_ordem_de_servico_no_periodo_2020_2025
466125724,sem_ordem_de_servico_no_periodo_2020_2025
466125725,sem_ordem_de_servico_no_periodo_2020_2025
466125726,sem_ordem_de_servico_no_periodo_2020_2025
466125727,sem_ordem_de_servico_no_periodo_2020_2025
466125728,sem_ordem_de_servico_no_periodo_2020_2025
466125729,sem_ordem_de_servico_no_periodo_2020_2025
466125730,sem_ordem_de_servico_no_periodo_2020_2025
4695,sem_ordem_de_servico_no_periodo_2020_2025
516,sem_ordem_de_servico_no_periodo_2020_2025
53512753,sem_ordem_de_servico_no_periodo_2020_2025
53512756,sem_ordem_de_servico_no_periodo_2020_2025
53512757,sem_ordem_de_servico_no_periodo_2020_2025
54843225,sem_ordem_de_servico_no_periodo_2020_2025
54843226,sem_ordem_de_servico_no_periodo_2020_2025
54843227,sem_ordem_de_servico_no_periodo_2020_2025
5691,sem_ordem_de_servico_no_periodo_2020_2025
63288059,sem_ordem_de_servico_no_periodo_2020_2025
63288072,sem_ordem_de_servico_no_periodo_2020_2025
63288074,sem_ordem_de_servico_no_periodo_2020_2025
63288076,sem_ordem_de_servico_no_periodo_2020_2025
63374622,sem_ordem_de_servico_no_periodo_2020_2025
63374648,sem_ordem_de_servico_no_periodo_2020_2025
63374674,sem_ordem_de_servico_no_periodo_2020_2025
63374757,sem_ordem_de_servico_no_periodo_2020_2025
63374788,sem_ordem_de_servico_no_periodo_2020_2025
63374827,sem_ordem_de_servico_no_periodo_2020_2025
63587556,sem_ordem_de_servico_no_periodo_2020_2025
63587558,sem_ordem_de_servico_no_periodo_2020_2025
63587560,sem_ordem_de_servico_no_periodo_2020_2025
63587562,sem_ordem_de_servico_no_periodo_2020_2025
63587564,sem_ordem_de_servico_no_periodo_2020_2025
63587566,sem_ordem_de_servico_no_periodo_2020_2025
63587568,sem_ordem_de_servico_no_periodo_2020_2025
63587570,sem_ordem_de_servico_no_periodo_2020_2025
63587586,sem_ordem_de_servico_no_periodo_2020_2025
63587588,sem_ordem_de_servico_no_periodo_2020_2025
63587590,sem_ordem_de_servico_no_periodo_2020_2025
63587594,sem_ordem_de_servico_no_periodo_2020_2025
63587596,sem_ordem_de_servico_no_periodo_2020_2025
63587598,sem_ordem_de_servico_no_periodo_2020_2025
63587600,sem_ordem_de_servico_no_periodo_2020_2025
63587604,sem_ordem_de_servico_no_periodo_2020_2025
63587608,sem_ordem_de_servico_no_periodo_2020_2025
63587615,sem_ordem_de_servico_no_periodo_2020_2025
63587617,sem_ordem_de_servico_no_periodo_2020_2025
63587621,sem_ordem_de_servico_no_periodo_2020_2025
63587632,sem_ordem_de_servico_no_periodo_2020_2025
63587634,sem_ordem_de_servico_no_periodo_2020_2025
63587636,sem_ordem_de_servico_no_periodo_2020_2025
63587638,sem_ordem_de_servico_no_periodo_2020_2025
63587642,sem_ordem_de_servico_no_periodo_2020_2025
63587648,sem_ordem_de_servico_no_periodo_2020_2025
63587650,sem_ordem_de_servico_no_periodo_2020_2025
63587652,sem_ordem_de_servico_no_periodo_2020_2025
63587654,sem_ordem_de_servico_no_periodo_2020_2025
63587656,sem_ordem_de_servico_no_periodo_2020_2025
63587658,sem_ordem_de_servico_no_periodo_2020_2025
63587660,sem_ordem_de_servico_no_periodo_2020_2025
63587662,sem_ordem_de_servico_no_periodo_2020_2025
63587664,sem_ordem_de_servico_no_periodo_2020_2025
63587670,sem_ordem_de_servico_no_periodo_2020_2025
63587672,sem_ordem_de_servico_no_periodo_2020_2025
63587674,sem_ordem_de_servico_no_periodo_2020_2025
63587678,sem_ordem_de_servico_no_periodo_2020_2025
63587682,sem_ordem_de_servico_no_periodo_2020_2025
63587686,sem_ordem_de_servico_no_periodo_2020_2025
63587702,sem_ordem_de_servico_no_periodo_2020_2025
63587704,sem_ordem_de_servico_no_periodo_2020_2025
63587706,sem_ordem_de_servico_no_periodo_2020_2025
63587716,sem_ordem_de_servico_no_periodo_2020_2025
63587718,sem_ordem_de_servico_no_periodo_2020_2025
63587720,sem_ordem_de_servico_no_periodo_2020_2025
63587722,sem_ordem_de_servico_no_periodo_2020_2025
63587724,sem_ordem_de_servico_no_periodo_2020_2025
63587755,sem_ordem_de_servico_no_periodo_2020_2025
63587757,sem_ordem_de_servico_no_periodo_2020_2025
63587759,sem_ordem_de_servico_no_periodo_2020_2025
63587761,sem_ordem_de_servico_no_periodo_2020_2025
63587763,sem_ordem_de_servico_no_periodo_2020_2025
63587765,sem_ordem_de_servico_no_periodo_2020_2025
63587767,sem_ordem_de_servico_no_periodo_2020_2025
63587771,sem_ordem_de_servico_no_periodo_2020_2025
63587773,sem_ordem_de_servico_no_periodo_2020_2025
63587775,sem_ordem_de_servico_no_periodo_2020_2025
63587777,sem_ordem_de_servico_no_periodo_2020_2025
63587779,sem_ordem_de_servico_no_periodo_2020_2025
63587781,sem_ordem_de_servico_no_periodo_2020_2025
63587783,sem_ordem_de_servico_no_periodo_2020_2025
63587785,sem_ordem_de_servico_no_periodo_2020_2025
63587787,sem_ordem_de_servico_no_periodo_2020_2025
63587793,sem_ordem_de_servico_no_periodo_2020_2025
63610484,sem_ordem_de_servico_no_periodo_2020_2025
64355086,sem_ordem_de_servico_no_periodo_2020_2025
64371262,sem_ordem_de_servico_no_periodo_2020_2025
64753408,sem_ordem_de_servico_no_periodo_2020_2025
78562743,sem_ordem_de_servico_no_periodo_2020_2025
86604100,sem_ordem_de_servico_no_periodo_2020_2025
86604162,sem_ordem_de_servico_no_periodo_2020_2025
86611228,sem_ordem_de_servico_no_periodo_2020_2025
86614224,sem_ordem_de_servico_no_periodo_2020_2025
